{
  "content": {
    "precision_at_k": 0.034,
    "recall_at_k": 0.004679919173689736,
    "ndcg_at_k": 0.043353632325737704,
    "coverage": 0.021145555327448162,
    "novelty": 13.947202217825879
  },
  "cf": {
    "rmse": 1.7579556069338027,
    "mae": 1.2515599033594718,
    "precision_at_k": 0.545,
    "recall_at_k": 0.12343117299958578,
    "ndcg_at_k": 0.5668145416688334,
    "coverage": 0.020427017039622256,
    "novelty": 9.48450494296828
  },
  "hybrid": {
    "precision_at_k": 0.115,
    "recall_at_k": 0.05211477369255922,
    "ndcg_at_k": 0.1224256962339372,
    "coverage": 0.021248203654280436,
    "novelty": 14.850448155884477
  }
}