{
  "content": {
    "precision_at_k": 0.036000000000000004,
    "recall_at_k": 0.004859026159055247,
    "ndcg_at_k": 0.044798306378826355,
    "coverage": 0.021556148634777252,
    "novelty": 13.57623093483091
  },
  "cf": {
    "rmse": 1.7579556069338027,
    "mae": 1.2515599033594718,
    "precision_at_k": 0.545,
    "recall_at_k": 0.12343117299958578,
    "ndcg_at_k": 0.5668145416688334,
    "coverage": 0.020427017039622256,
    "novelty": 9.48450494296828
  },
  "hybrid": {
    "precision_at_k": 0.113,
    "recall_at_k": 0.04328875823292307,
    "ndcg_at_k": 0.11947774798986942,
    "coverage": 0.02104290700061589,
    "novelty": 14.859556505636418
  }
}